,Cluster ID,Cluster Size,Median Mass (Da),Difference from Actual Mass (Da)
0,0,10,1428.62,-0.18133999999986372
1,1,13,1410.6599999999999,-18.1413399999999
2,2,2,1400.7649999999999,-28.036339999999882
3,3,2,1328.835,-99.96633999999972
