,Cluster ID,Cluster Size,Median Mass (Da),Difference from Actual Mass (Da)
0,0,7,992.3,-0.1930200000001605
1,1,9,974.24,-18.253020000000106
2,2,4,956.255,-36.23802000000012
