,Cluster ID,Cluster Size,Median Mass (Da),Difference from Actual Mass (Da)
0,0,7,1507.65,-16.91222000000016
1,1,3,1490.94,-33.6222200000002
2,2,3,1489.45,-35.11222000000021
3,3,3,1479.51,-45.05222000000026
