,Cluster ID,Cluster Size,Median Mass (Da),Difference from Actual Mass (Da)
0,0,8,1253.2150000000001,-0.2732799999996587
1,1,4,1155.27,-98.21827999999982
2,2,8,1235.3649999999998,-18.123280000000022
3,3,2,1217.56,-35.92827999999986
4,4,4,1137.625,-115.8632799999998
5,5,2,1216.72,-36.76827999999978
