,Cluster ID,Cluster Size,Median Mass (Da),Difference from Actual Mass (Da)
0,0,7,1507.65,-15.912220000000161
1,1,6,1490.1999999999998,-33.362220000000434
2,2,3,1479.51,-44.05222000000026
3,3,2,1461.4499999999998,-62.112220000000434
