,Cluster ID,Cluster Size,Median Mass (Da),Difference from Actual Mass (Da)
0,0,8,1526.665,-0.1082099999998718
1,1,2,1412.5,-114.27320999999984
2,2,2,1397.975,-128.79820999999993
3,3,11,1509.04,-17.733209999999872
