,Cluster ID,Cluster Size,Median Mass (Da),Difference from Actual Mass (Da)
0,0,6,1327.69,0.06753999999978078
1,1,5,1310.6399999999999,-16.9824600000004
2,2,2,1279.8400000000001,-47.78246000000013
3,3,2,1293.69,-33.93246000000022
4,4,2,1262.275,-65.34746000000018
5,5,2,1249.4650000000001,-78.15746000000013
6,6,2,1265.145,-62.47746000000029
7,7,2,1292.6799999999998,-34.94246000000044
8,8,2,1296.44,-31.18246000000022
