Index,each_original_data,m/z A,m/z B,Interpretation A,Interpretation B,CorrelationScore,NormalisedScore,MassDeviation
0,213.098966 / 1166.758114,213.098966,1166.758114,,,1.0,1.0,
1,260.197797 / 1119.658134,260.197797,1119.658134,y2(1+),b12(1+),1.0,1.0,0.022
2,288.203931 / 1091.662596,288.203931,1091.662596,,,1.0,1.0,
3,373.282227 / 1006.57324,373.282227,1006.57324,y3(1+),b11(1+),1.0,1.0,0.017
4,430.304119 / 949.550299,430.304119,949.550299,y4(1+),b10(1+),1.0,1.0,0.02
5,448.268351 / 931.539968,448.268351,931.539968,,,1.0,1.0,
6,494.274079 / 885.581292,494.274079,885.581292,b5(1+),y9(1+),1.0,1.0,0.026
7,505.285924 / 874.518543,505.285924,874.518543,,,1.0,1.0,
8,607.358754 / 772.496326,607.358754,772.496326,b6(1+),y8(1+),1.0,1.0,0.022
9,624.373941 / 755.470211,624.373941,755.470211,,,1.0,1.0,
10,671.447937 / 708.406714,671.447937,708.406714,y7(1+),b7(1+),1.0,1.0,0.023
11,689.878064 / 689.926908,689.878064,689.926908,,,,,
12,690.428443 / 689.378148,690.428443,689.378148,,,,,
13,725.457934 / 654.359583,725.457934,654.359583,,,1.0,1.0,
14,737.458693 / 642.384691,737.458693,642.384691,,,1.0,1.0,
15,779.444612 / 600.410564,779.444612,600.410564,b8(1+),y6(1+),1.0,1.0,0.025
16,812.489154 / 567.352477,812.489154,567.352477,,,1.0,1.0,
17,885.581292 / 494.237827,885.581292,494.237827,y9(1+),b5(1+),1.0,1.0,0.062
18,892.529211 / 487.325786,892.529211,487.325786,b9(1+),y5(1+),1.0,1.0,0.022
19,984.650481 / 395.205171,984.650481,395.205171,y10(1+),b4(1+),1.0,1.0,0.025
20,1083.719942 / 296.136324,1083.719942,296.136324,y11(1+),b3(1+),1.0,1.0,0.026
21,1184.768366 / 195.088376,1184.768366,195.088376,y12(1+),b2(1+),1.0,1.0,0.023
